Node,nxc,nyc,Node_new
96,8.715,53.135,0
176,8.445,53.225,1
177,8.535,53.225,2
259,8.445,53.315,3
260,8.535,53.315,4
342,8.445,53.405,5
343,8.535,53.405,6
410,14.565,53.405,7
411,14.655,53.405,8
422,8.175,53.495,9
426,8.535,53.495,10
441,9.885,53.495,11
442,9.975,53.495,12
493,14.565,53.495,13
494,14.655,53.495,14
505,8.175,53.585,15
508,8.445,53.585,16
509,8.535,53.585,17
520,9.525,53.585,18
521,9.615,53.585,19
522,9.705,53.585,20
576,14.565,53.585,21
577,14.655,53.585,22
587,8.085,53.675,23
588,8.175,53.675,24
589,8.265,53.675,25
590,8.355,53.675,26
591,8.445,53.675,27
602,9.435,53.675,28
603,9.525,53.675,29
658,14.475,53.675,30
659,14.565,53.675,31
669,7.995,53.765,32
670,8.085,53.765,33
671,8.175,53.765,34
672,8.265,53.765,35
684,9.345,53.765,36
685,9.435,53.765,37
739,14.295,53.765,38
740,14.385,53.765,39
741,14.475,53.765,40
747,7.545,53.855,41
748,7.635,53.855,42
749,7.725,53.855,43
750,7.815,53.855,44
751,7.905,53.855,45
752,7.995,53.855,46
753,8.085,53.855,47
760,8.715,53.855,48
761,8.805,53.855,49
762,8.895,53.855,50
763,8.985,53.855,51
764,9.075,53.855,52
765,9.165,53.855,53
766,9.254999999999999,53.855,54
767,9.345,53.855,55
782,10.695,53.855,56
783,10.785,53.855,57
784,10.875,53.855,58
791,11.504999999999999,53.855,59
822,14.295,53.855,60
830,7.545,53.945,61
831,7.635,53.945,62
832,7.725,53.945,63
833,7.815,53.945,64
834,7.905,53.945,65
835,7.995,53.945,66
836,8.085,53.945,67
837,8.175,53.945,68
838,8.265,53.945,69
839,8.355,53.945,70
840,8.445,53.945,71
841,8.535,53.945,72
842,8.625,53.945,73
843,8.715,53.945,74
848,9.165,53.945,75
849,9.254999999999999,53.945,76
865,10.695,53.945,77
866,10.785,53.945,78
867,10.875,53.945,79
868,10.965,53.945,80
872,11.325,53.945,81
873,11.415,53.945,82
874,11.504999999999999,53.945,83
904,14.205,53.945,84
905,14.295,53.945,85
913,7.545,54.035,86
914,7.635,54.035,87
915,7.725,54.035,88
916,7.815,54.035,89
917,7.905,54.035,90
918,7.995,54.035,91
919,8.085,54.035,92
920,8.175,54.035,93
921,8.265,54.035,94
922,8.355,54.035,95
923,8.445,54.035,96
924,8.535,54.035,97
932,9.254999999999999,54.035,98
933,9.345,54.035,99
949,10.785,54.035,100
950,10.875,54.035,101
951,10.965,54.035,102
952,11.055,54.035,103
953,11.145,54.035,104
954,11.235,54.035,105
955,11.325,54.035,106
956,11.415,54.035,107
982,13.754999999999999,54.035,108
987,14.205,54.035,109
988,14.295,54.035,110
989,14.385,54.035,111
990,14.475,54.035,112
996,7.545,54.125,113
997,7.635,54.125,114
998,7.725,54.125,115
999,7.815,54.125,116
1000,7.905,54.125,117
1001,7.995,54.125,118
1002,8.085,54.125,119
1003,8.175,54.125,120
1004,8.265,54.125,121
1005,8.355,54.125,122
1007,8.535,54.125,123
1008,8.625,54.125,124
1009,8.715,54.125,125
1010,8.805,54.125,126
1011,8.895,54.125,127
1016,9.345,54.125,128
1017,9.435,54.125,129
1034,10.965,54.125,130
1035,11.055,54.125,131
1036,11.145,54.125,132
1037,11.235,54.125,133
1038,11.325,54.125,134
1039,11.415,54.125,135
1040,11.504999999999999,54.125,136
1041,11.594999999999999,54.125,137
1043,11.774999999999999,54.125,138
1044,11.865,54.125,139
1046,12.045,54.125,140
1047,12.135,54.125,141
1062,13.485,54.125,142
1063,13.575,54.125,143
1064,13.665,54.125,144
1065,13.754999999999999,54.125,145
1066,13.844999999999999,54.125,146
1067,13.934999999999999,54.125,147
1068,14.024999999999999,54.125,148
1069,14.114999999999998,54.125,149
1070,14.205,54.125,150
1071,14.295,54.125,151
1072,14.385,54.125,152
1073,14.475,54.125,153
1074,14.565,54.125,154
1075,14.655,54.125,155
1076,14.745000000000001,54.125,156
1077,14.835,54.125,157
1078,14.925,54.125,158
1079,7.545,54.215,159
1080,7.635,54.215,160
1081,7.725,54.215,161
1082,7.815,54.215,162
1083,7.905,54.215,163
1084,7.995,54.215,164
1085,8.085,54.215,165
1086,8.175,54.215,166
1087,8.265,54.215,167
1088,8.355,54.215,168
1100,9.435,54.215,169
1101,9.525,54.215,170
1102,9.615,54.215,171
1118,11.055,54.215,172
1119,11.145,54.215,173
1120,11.235,54.215,174
1121,11.325,54.215,175
1122,11.415,54.215,176
1123,11.504999999999999,54.215,177
1124,11.594999999999999,54.215,178
1125,11.684999999999999,54.215,179
1126,11.774999999999999,54.215,180
1127,11.865,54.215,181
1128,11.955,54.215,182
1129,12.045,54.215,183
1130,12.135,54.215,184
1131,12.225,54.215,185
1142,13.215,54.215,186
1143,13.305,54.215,187
1144,13.395,54.215,188
1145,13.485,54.215,189
1146,13.575,54.215,190
1147,13.665,54.215,191
1148,13.754999999999999,54.215,192
1149,13.844999999999999,54.215,193
1150,13.934999999999999,54.215,194
1151,14.024999999999999,54.215,195
1152,14.114999999999998,54.215,196
1153,14.205,54.215,197
1154,14.295,54.215,198
1155,14.385,54.215,199
1156,14.475,54.215,200
1157,14.565,54.215,201
1158,14.655,54.215,202
1159,14.745000000000001,54.215,203
1160,14.835,54.215,204
1161,14.925,54.215,205
1162,7.545,54.305,206
1163,7.635,54.305,207
1164,7.725,54.305,208
1165,7.815,54.305,209
1166,7.905,54.305,210
1167,7.995,54.305,211
1168,8.085,54.305,212
1169,8.175,54.305,213
1170,8.265,54.305,214
1171,8.355,54.305,215
1185,9.615,54.305,216
1186,9.705,54.305,217
1187,9.795,54.305,218
1188,9.885,54.305,219
1189,9.975,54.305,220
1191,10.155,54.305,221
1198,10.785,54.305,222
1201,11.055,54.305,223
1202,11.145,54.305,224
1203,11.235,54.305,225
1204,11.325,54.305,226
1205,11.415,54.305,227
1206,11.504999999999999,54.305,228
1207,11.594999999999999,54.305,229
1208,11.684999999999999,54.305,230
1209,11.774999999999999,54.305,231
1210,11.865,54.305,232
1211,11.955,54.305,233
1212,12.045,54.305,234
1213,12.135,54.305,235
1214,12.225,54.305,236
1215,12.315,54.305,237
1224,13.125,54.305,238
1225,13.215,54.305,239
1231,13.754999999999999,54.305,240
1232,13.844999999999999,54.305,241
1233,13.934999999999999,54.305,242
1234,14.024999999999999,54.305,243
1235,14.114999999999998,54.305,244
1236,14.205,54.305,245
1237,14.295,54.305,246
1240,14.565,54.305,247
1241,14.655,54.305,248
1242,14.745000000000001,54.305,249
1243,14.835,54.305,250
1244,14.925,54.305,251
1245,7.545,54.395,252
1246,7.635,54.395,253
1249,7.905,54.395,254
1250,7.995,54.395,255
1251,8.085,54.395,256
1252,8.175,54.395,257
1253,8.265,54.395,258
1254,8.355,54.395,259
1255,8.445,54.395,260
1256,8.535,54.395,261
1257,8.625,54.395,262
1258,8.715,54.395,263
1259,8.805,54.395,264
1260,8.895,54.395,265
1270,9.795,54.395,266
1271,9.885,54.395,267
1272,9.975,54.395,268
1273,10.065,54.395,269
1274,10.155,54.395,270
1275,10.245000000000001,54.395,271
1276,10.335,54.395,272
1277,10.425,54.395,273
1278,10.515,54.395,274
1279,10.605,54.395,275
1280,10.695,54.395,276
1281,10.785,54.395,277
1282,10.875,54.395,278
1283,10.965,54.395,279
1284,11.055,54.395,280
1285,11.145,54.395,281
1286,11.235,54.395,282
1287,11.325,54.395,283
1288,11.415,54.395,284
1289,11.504999999999999,54.395,285
1290,11.594999999999999,54.395,286
1291,11.684999999999999,54.395,287
1292,11.774999999999999,54.395,288
1293,11.865,54.395,289
1294,11.955,54.395,290
1295,12.045,54.395,291
1296,12.135,54.395,292
1297,12.225,54.395,293
1298,12.315,54.395,294
1299,12.405000000000001,54.395,295
1306,13.035,54.395,296
1313,13.665,54.395,297
1314,13.754999999999999,54.395,298
1315,13.844999999999999,54.395,299
1316,13.934999999999999,54.395,300
1317,14.024999999999999,54.395,301
1318,14.114999999999998,54.395,302
1319,14.205,54.395,303
1320,14.295,54.395,304
1321,14.385,54.395,305
1322,14.475,54.395,306
1323,14.565,54.395,307
1324,14.655,54.395,308
1325,14.745000000000001,54.395,309
1326,14.835,54.395,310
1327,14.925,54.395,311
1328,7.545,54.485,312
1329,7.635,54.485,313
1331,7.815,54.485,314
1332,7.905,54.485,315
1333,7.995,54.485,316
1334,8.085,54.485,317
1335,8.175,54.485,318
1336,8.265,54.485,319
1340,8.625,54.485,320
1341,8.715,54.485,321
1342,8.805,54.485,322
1343,8.895,54.485,323
1344,8.985,54.485,324
1345,9.075,54.485,325
1354,9.885,54.485,326
1355,9.975,54.485,327
1356,10.065,54.485,328
1357,10.155,54.485,329
1358,10.245000000000001,54.485,330
1359,10.335,54.485,331
1360,10.425,54.485,332
1361,10.515,54.485,333
1362,10.605,54.485,334
1363,10.695,54.485,335
1364,10.785,54.485,336
1365,10.875,54.485,337
1369,11.235,54.485,338
1370,11.325,54.485,339
1371,11.415,54.485,340
1372,11.504999999999999,54.485,341
1373,11.594999999999999,54.485,342
1374,11.684999999999999,54.485,343
1375,11.774999999999999,54.485,344
1376,11.865,54.485,345
1377,11.955,54.485,346
1378,12.045,54.485,347
1379,12.135,54.485,348
1380,12.225,54.485,349
1381,12.315,54.485,350
1382,12.405000000000001,54.485,351
1383,12.495000000000001,54.485,352
1384,12.585,54.485,353
1385,12.675,54.485,354
1386,12.765,54.485,355
1387,12.855,54.485,356
1388,12.945,54.485,357
1389,13.035,54.485,358
1395,13.575,54.485,359
1396,13.665,54.485,360
1397,13.754999999999999,54.485,361
1398,13.844999999999999,54.485,362
1399,13.934999999999999,54.485,363
1400,14.024999999999999,54.485,364
1401,14.114999999999998,54.485,365
1402,14.205,54.485,366
1403,14.295,54.485,367
1404,14.385,54.485,368
1405,14.475,54.485,369
1406,14.565,54.485,370
1407,14.655,54.485,371
1408,14.745000000000001,54.485,372
1409,14.835,54.485,373
1410,14.925,54.485,374
1411,7.545,54.575,375
1412,7.635,54.575,376
1413,7.725,54.575,377
1414,7.815,54.575,378
1415,7.905,54.575,379
1416,7.995,54.575,380
1417,8.085,54.575,381
1418,8.175,54.575,382
1419,8.265,54.575,383
1420,8.355,54.575,384
1421,8.445,54.575,385
1422,8.535,54.575,386
1424,8.715,54.575,387
1439,10.065,54.575,388
1440,10.155,54.575,389
1441,10.245000000000001,54.575,390
1442,10.335,54.575,391
1443,10.425,54.575,392
1444,10.515,54.575,393
1445,10.605,54.575,394
1446,10.695,54.575,395
1447,10.785,54.575,396
1448,10.875,54.575,397
1449,10.965,54.575,398
1450,11.055,54.575,399
1451,11.145,54.575,400
1452,11.235,54.575,401
1453,11.325,54.575,402
1454,11.415,54.575,403
1455,11.504999999999999,54.575,404
1460,11.955,54.575,405
1461,12.045,54.575,406
1462,12.135,54.575,407
1463,12.225,54.575,408
1464,12.315,54.575,409
1465,12.405000000000001,54.575,410
1466,12.495000000000001,54.575,411
1467,12.585,54.575,412
1468,12.675,54.575,413
1469,12.765,54.575,414
1470,12.855,54.575,415
1471,12.945,54.575,416
1472,13.035,54.575,417
1473,13.125,54.575,418
1476,13.395,54.575,419
1477,13.485,54.575,420
1478,13.575,54.575,421
1479,13.665,54.575,422
1480,13.754999999999999,54.575,423
1481,13.844999999999999,54.575,424
1482,13.934999999999999,54.575,425
1483,14.024999999999999,54.575,426
1484,14.114999999999998,54.575,427
1485,14.205,54.575,428
1486,14.295,54.575,429
1487,14.385,54.575,430
1488,14.475,54.575,431
1489,14.565,54.575,432
1490,14.655,54.575,433
1491,14.745000000000001,54.575,434
1492,14.835,54.575,435
1493,14.925,54.575,436
1494,7.545,54.665,437
1495,7.635,54.665,438
1496,7.725,54.665,439
1497,7.815,54.665,440
1498,7.905,54.665,441
1499,7.995,54.665,442
1500,8.085,54.665,443
1501,8.175,54.665,444
1502,8.265,54.665,445
1503,8.355,54.665,446
1504,8.445,54.665,447
1505,8.535,54.665,448
1506,8.625,54.665,449
1522,10.065,54.665,450
1523,10.155,54.665,451
1524,10.245000000000001,54.665,452
1525,10.335,54.665,453
1526,10.425,54.665,454
1527,10.515,54.665,455
1528,10.605,54.665,456
1529,10.695,54.665,457
1530,10.785,54.665,458
1531,10.875,54.665,459
1532,10.965,54.665,460
1533,11.055,54.665,461
1534,11.145,54.665,462
1535,11.235,54.665,463
1536,11.325,54.665,464
1537,11.415,54.665,465
1544,12.045,54.665,466
1545,12.135,54.665,467
1546,12.225,54.665,468
1547,12.315,54.665,469
1548,12.405000000000001,54.665,470
1549,12.495000000000001,54.665,471
1550,12.585,54.665,472
1551,12.675,54.665,473
1552,12.765,54.665,474
1553,12.855,54.665,475
1554,12.945,54.665,476
1555,13.035,54.665,477
1556,13.125,54.665,478
1557,13.215,54.665,479
1558,13.305,54.665,480
1559,13.395,54.665,481
1560,13.485,54.665,482
1561,13.575,54.665,483
1562,13.665,54.665,484
1563,13.754999999999999,54.665,485
1564,13.844999999999999,54.665,486
1565,13.934999999999999,54.665,487
1566,14.024999999999999,54.665,488
1567,14.114999999999998,54.665,489
1568,14.205,54.665,490
1569,14.295,54.665,491
1570,14.385,54.665,492
1571,14.475,54.665,493
1572,14.565,54.665,494
1573,14.655,54.665,495
1574,14.745000000000001,54.665,496
1575,14.835,54.665,497
1576,14.925,54.665,498
1577,7.545,54.755,499
1578,7.635,54.755,500
1579,7.725,54.755,501
1580,7.815,54.755,502
1581,7.905,54.755,503
1582,7.995,54.755,504
1583,8.085,54.755,505
1584,8.175,54.755,506
1585,8.265,54.755,507
1586,8.355,54.755,508
1589,8.625,54.755,509
1590,8.715,54.755,510
1598,9.435,54.755,511
1604,9.975,54.755,512
1605,10.065,54.755,513
1606,10.155,54.755,514
1607,10.245000000000001,54.755,515
1608,10.335,54.755,516
1609,10.425,54.755,517
1610,10.515,54.755,518
1611,10.605,54.755,519
1612,10.695,54.755,520
1613,10.785,54.755,521
1614,10.875,54.755,522
1615,10.965,54.755,523
1616,11.055,54.755,524
1624,11.774999999999999,54.755,525
1625,11.865,54.755,526
1628,12.135,54.755,527
1629,12.225,54.755,528
1630,12.315,54.755,529
1631,12.405000000000001,54.755,530
1632,12.495000000000001,54.755,531
1633,12.585,54.755,532
1634,12.675,54.755,533
1635,12.765,54.755,534
1636,12.855,54.755,535
1637,12.945,54.755,536
1638,13.035,54.755,537
1639,13.125,54.755,538
1640,13.215,54.755,539
1641,13.305,54.755,540
1642,13.395,54.755,541
1643,13.485,54.755,542
1644,13.575,54.755,543
1645,13.665,54.755,544
1646,13.754999999999999,54.755,545
1647,13.844999999999999,54.755,546
1648,13.934999999999999,54.755,547
1649,14.024999999999999,54.755,548
1650,14.114999999999998,54.755,549
1651,14.205,54.755,550
1652,14.295,54.755,551
1653,14.385,54.755,552
1654,14.475,54.755,553
1655,14.565,54.755,554
1656,14.655,54.755,555
1657,14.745000000000001,54.755,556
1658,14.835,54.755,557
1659,14.925,54.755,558
1660,7.545,54.845,559
1661,7.635,54.845,560
1662,7.725,54.845,561
1663,7.815,54.845,562
1664,7.905,54.845,563
1665,7.995,54.845,564
1666,8.085,54.845,565
1667,8.175,54.845,566
1668,8.265,54.845,567
1681,9.435,54.845,568
1682,9.525,54.845,569
1683,9.615,54.845,570
1684,9.705,54.845,571
1685,9.795,54.845,572
1686,9.885,54.845,573
1687,9.975,54.845,574
1688,10.065,54.845,575
1689,10.155,54.845,576
1690,10.245000000000001,54.845,577
1691,10.335,54.845,578
1692,10.425,54.845,579
1693,10.515,54.845,580
1696,10.785,54.845,581
1697,10.875,54.845,582
1698,10.965,54.845,583
1699,11.055,54.845,584
1700,11.145,54.845,585
1707,11.774999999999999,54.845,586
1711,12.135,54.845,587
1712,12.225,54.845,588
1713,12.315,54.845,589
1714,12.405000000000001,54.845,590
1715,12.495000000000001,54.845,591
1716,12.585,54.845,592
1717,12.675,54.845,593
1718,12.765,54.845,594
1719,12.855,54.845,595
1720,12.945,54.845,596
1721,13.035,54.845,597
1722,13.125,54.845,598
1723,13.215,54.845,599
1724,13.305,54.845,600
1725,13.395,54.845,601
1726,13.485,54.845,602
1727,13.575,54.845,603
1728,13.665,54.845,604
1729,13.754999999999999,54.845,605
1730,13.844999999999999,54.845,606
1731,13.934999999999999,54.845,607
1732,14.024999999999999,54.845,608
1733,14.114999999999998,54.845,609
1734,14.205,54.845,610
1735,14.295,54.845,611
1736,14.385,54.845,612
1737,14.475,54.845,613
1738,14.565,54.845,614
1739,14.655,54.845,615
1740,14.745000000000001,54.845,616
1741,14.835,54.845,617
1742,14.925,54.845,618
1743,7.545,54.935,619
1744,7.635,54.935,620
1745,7.725,54.935,621
1746,7.815,54.935,622
1747,7.905,54.935,623
1748,7.995,54.935,624
1749,8.085,54.935,625
1750,8.175,54.935,626
1751,8.265,54.935,627
1752,8.355,54.935,628
1767,9.705,54.935,629
1768,9.795,54.935,630
1771,10.065,54.935,631
1772,10.155,54.935,632
1773,10.245000000000001,54.935,633
1774,10.335,54.935,634
1780,10.875,54.935,635
1781,10.965,54.935,636
1782,11.055,54.935,637
1788,11.594999999999999,54.935,638
1789,11.684999999999999,54.935,639
1790,11.774999999999999,54.935,640
1791,11.865,54.935,641
1792,11.955,54.935,642
1793,12.045,54.935,643
1794,12.135,54.935,644
1797,12.405000000000001,54.935,645
1798,12.495000000000001,54.935,646
1799,12.585,54.935,647
1800,12.675,54.935,648
1801,12.765,54.935,649
1802,12.855,54.935,650
1803,12.945,54.935,651
1804,13.035,54.935,652
1805,13.125,54.935,653
1806,13.215,54.935,654
1807,13.305,54.935,655
1808,13.395,54.935,656
1809,13.485,54.935,657
1810,13.575,54.935,658
1811,13.665,54.935,659
1812,13.754999999999999,54.935,660
1813,13.844999999999999,54.935,661
1814,13.934999999999999,54.935,662
1815,14.024999999999999,54.935,663
1816,14.114999999999998,54.935,664
1817,14.205,54.935,665
1818,14.295,54.935,666
1819,14.385,54.935,667
1820,14.475,54.935,668
1821,14.565,54.935,669
1822,14.655,54.935,670
1823,14.745000000000001,54.935,671
1824,14.835,54.935,672
1825,14.925,54.935,673
1826,7.545,55.025,674
1827,7.635,55.025,675
1828,7.725,55.025,676
1829,7.815,55.025,677
1830,7.905,55.025,678
1831,7.995,55.025,679
1832,8.085,55.025,680
1833,8.175,55.025,681
1834,8.265,55.025,682
1847,9.435,55.025,683
1848,9.525,55.025,684
1849,9.615,55.025,685
1850,9.705,55.025,686
1851,9.795,55.025,687
1852,9.885,55.025,688
1853,9.975,55.025,689
1854,10.065,55.025,690
1855,10.155,55.025,691
1856,10.245000000000001,55.025,692
1857,10.335,55.025,693
1858,10.425,55.025,694
1859,10.515,55.025,695
1860,10.605,55.025,696
1861,10.695,55.025,697
1862,10.785,55.025,698
1863,10.875,55.025,699
1864,10.965,55.025,700
1865,11.055,55.025,701
1866,11.145,55.025,702
1867,11.235,55.025,703
1868,11.325,55.025,704
1869,11.415,55.025,705
1870,11.504999999999999,55.025,706
1871,11.594999999999999,55.025,707
1872,11.684999999999999,55.025,708
1873,11.774999999999999,55.025,709
1874,11.865,55.025,710
1875,11.955,55.025,711
1877,12.135,55.025,712
1878,12.225,55.025,713
1880,12.405000000000001,55.025,714
1881,12.495000000000001,55.025,715
1882,12.585,55.025,716
1883,12.675,55.025,717
1884,12.765,55.025,718
1885,12.855,55.025,719
1886,12.945,55.025,720
1887,13.035,55.025,721
1888,13.125,55.025,722
1889,13.215,55.025,723
1890,13.305,55.025,724
1891,13.395,55.025,725
1892,13.485,55.025,726
1893,13.575,55.025,727
1894,13.665,55.025,728
1895,13.754999999999999,55.025,729
1896,13.844999999999999,55.025,730
1897,13.934999999999999,55.025,731
1898,14.024999999999999,55.025,732
1899,14.114999999999998,55.025,733
1900,14.205,55.025,734
1901,14.295,55.025,735
1902,14.385,55.025,736
1903,14.475,55.025,737
1904,14.565,55.025,738
1905,14.655,55.025,739
1906,14.745000000000001,55.025,740
1907,14.835,55.025,741
1908,14.925,55.025,742
1909,7.545,55.115,743
1910,7.635,55.115,744
1911,7.725,55.115,745
1912,7.815,55.115,746
1913,7.905,55.115,747
1914,7.995,55.115,748
1915,8.085,55.115,749
1916,8.175,55.115,750
1917,8.265,55.115,751
1920,8.535,55.115,752
1931,9.525,55.115,753
1932,9.615,55.115,754
1933,9.705,55.115,755
1934,9.795,55.115,756
1935,9.885,55.115,757
1936,9.975,55.115,758
1937,10.065,55.115,759
1938,10.155,55.115,760
1939,10.245000000000001,55.115,761
1940,10.335,55.115,762
1941,10.425,55.115,763
1942,10.515,55.115,764
1943,10.605,55.115,765
1944,10.695,55.115,766
1945,10.785,55.115,767
1946,10.875,55.115,768
1947,10.965,55.115,769
1948,11.055,55.115,770
1949,11.145,55.115,771
1950,11.235,55.115,772
1951,11.325,55.115,773
1952,11.415,55.115,774
1953,11.504999999999999,55.115,775
1954,11.594999999999999,55.115,776
1960,12.135,55.115,777
1961,12.225,55.115,778
1962,12.315,55.115,779
1963,12.405000000000001,55.115,780
1964,12.495000000000001,55.115,781
1965,12.585,55.115,782
1966,12.675,55.115,783
1967,12.765,55.115,784
1968,12.855,55.115,785
1969,12.945,55.115,786
1970,13.035,55.115,787
1971,13.125,55.115,788
1972,13.215,55.115,789
1973,13.305,55.115,790
1974,13.395,55.115,791
1975,13.485,55.115,792
1976,13.575,55.115,793
1977,13.665,55.115,794
1978,13.754999999999999,55.115,795
1979,13.844999999999999,55.115,796
1980,13.934999999999999,55.115,797
1981,14.024999999999999,55.115,798
1982,14.114999999999998,55.115,799
1983,14.205,55.115,800
1984,14.295,55.115,801
1985,14.385,55.115,802
1986,14.475,55.115,803
1987,14.565,55.115,804
1988,14.655,55.115,805
1989,14.745000000000001,55.115,806
1992,7.545,55.205,807
1993,7.635,55.205,808
1994,7.725,55.205,809
1995,7.815,55.205,810
1996,7.905,55.205,811
1997,7.995,55.205,812
1998,8.085,55.205,813
1999,8.175,55.205,814
2000,8.265,55.205,815
2011,9.254999999999999,55.205,816
2012,9.345,55.205,817
2013,9.435,55.205,818
2014,9.525,55.205,819
2015,9.615,55.205,820
2016,9.705,55.205,821
2017,9.795,55.205,822
2018,9.885,55.205,823
2029,10.875,55.205,824
2030,10.965,55.205,825
2031,11.055,55.205,826
2032,11.145,55.205,827
2033,11.235,55.205,828
2034,11.325,55.205,829
2037,11.594999999999999,55.205,830
2038,11.684999999999999,55.205,831
2039,11.774999999999999,55.205,832
2043,12.135,55.205,833
2044,12.225,55.205,834
2045,12.315,55.205,835
2046,12.405000000000001,55.205,836
2047,12.495000000000001,55.205,837
2048,12.585,55.205,838
2049,12.675,55.205,839
2050,12.765,55.205,840
2051,12.855,55.205,841
2052,12.945,55.205,842
2053,13.035,55.205,843
2054,13.125,55.205,844
2055,13.215,55.205,845
2056,13.305,55.205,846
2057,13.395,55.205,847
2058,13.485,55.205,848
2059,13.575,55.205,849
2060,13.665,55.205,850
2061,13.754999999999999,55.205,851
2062,13.844999999999999,55.205,852
2063,13.934999999999999,55.205,853
2064,14.024999999999999,55.205,854
2065,14.114999999999998,55.205,855
2066,14.205,55.205,856
2067,14.295,55.205,857
2068,14.385,55.205,858
2069,14.475,55.205,859
2070,14.565,55.205,860
2071,14.655,55.205,861
2072,14.745000000000001,55.205,862
2073,14.835,55.205,863
2074,14.925,55.205,864
2075,7.545,55.295,865
2076,7.635,55.295,866
2077,7.725,55.295,867
2078,7.815,55.295,868
2079,7.905,55.295,869
2080,7.995,55.295,870
2081,8.085,55.295,871
2082,8.175,55.295,872
2083,8.265,55.295,873
2094,9.254999999999999,55.295,874
2095,9.345,55.295,875
2096,9.435,55.295,876
2097,9.525,55.295,877
2098,9.615,55.295,878
2099,9.705,55.295,879
2100,9.795,55.295,880
2101,9.885,55.295,881
2111,10.785,55.295,882
2112,10.875,55.295,883
2113,10.965,55.295,884
2114,11.055,55.295,885
2115,11.145,55.295,886
2116,11.235,55.295,887
2126,12.135,55.295,888
2127,12.225,55.295,889
2128,12.315,55.295,890
2129,12.405000000000001,55.295,891
2130,12.495000000000001,55.295,892
2131,12.585,55.295,893
2132,12.675,55.295,894
2133,12.765,55.295,895
2134,12.855,55.295,896
2135,12.945,55.295,897
2136,13.035,55.295,898
2137,13.125,55.295,899
2138,13.215,55.295,900
2139,13.305,55.295,901
2140,13.395,55.295,902
2141,13.485,55.295,903
2142,13.575,55.295,904
2143,13.665,55.295,905
2144,13.754999999999999,55.295,906
2145,13.844999999999999,55.295,907
2146,13.934999999999999,55.295,908
2147,14.024999999999999,55.295,909
2148,14.114999999999998,55.295,910
2149,14.205,55.295,911
2150,14.295,55.295,912
2151,14.385,55.295,913
2152,14.475,55.295,914
2153,14.565,55.295,915
2154,14.655,55.295,916
2155,14.745000000000001,55.295,917
2156,14.835,55.295,918
2157,14.925,55.295,919
2158,7.545,55.385,920
2159,7.635,55.385,921
2160,7.725,55.385,922
2161,7.815,55.385,923
2162,7.905,55.385,924
2163,7.995,55.385,925
2164,8.085,55.385,926
2165,8.175,55.385,927
2166,8.265,55.385,928
2177,9.254999999999999,55.385,929
2178,9.345,55.385,930
2179,9.435,55.385,931
2180,9.525,55.385,932
2181,9.615,55.385,933
2182,9.705,55.385,934
2183,9.795,55.385,935
2189,10.335,55.385,936
2190,10.425,55.385,937
2194,10.785,55.385,938
2195,10.875,55.385,939
2196,10.965,55.385,940
2197,11.055,55.385,941
2198,11.145,55.385,942
2209,12.135,55.385,943
2210,12.225,55.385,944
2211,12.315,55.385,945
2212,12.405000000000001,55.385,946
2213,12.495000000000001,55.385,947
2214,12.585,55.385,948
2215,12.675,55.385,949
2216,12.765,55.385,950
2217,12.855,55.385,951
2218,12.945,55.385,952
2219,13.035,55.385,953
2220,13.125,55.385,954
2221,13.215,55.385,955
2222,13.305,55.385,956
2223,13.395,55.385,957
2224,13.485,55.385,958
2225,13.575,55.385,959
2226,13.665,55.385,960
2227,13.754999999999999,55.385,961
2228,13.844999999999999,55.385,962
2229,13.934999999999999,55.385,963
2230,14.024999999999999,55.385,964
2231,14.114999999999998,55.385,965
2232,14.205,55.385,966
2233,14.295,55.385,967
2234,14.385,55.385,968
2235,14.475,55.385,969
2236,14.565,55.385,970
2237,14.655,55.385,971
2238,14.745000000000001,55.385,972
2239,14.835,55.385,973
2240,14.925,55.385,974
2241,7.545,55.475,975
2242,7.635,55.475,976
2243,7.725,55.475,977
2244,7.815,55.475,978
2245,7.905,55.475,979
2246,7.995,55.475,980
2247,8.085,55.475,981
2248,8.175,55.475,982
2249,8.265,55.475,983
2250,8.355,55.475,984
2251,8.445,55.475,985
2259,9.165,55.475,986
2260,9.254999999999999,55.475,987
2261,9.345,55.475,988
2262,9.435,55.475,989
2263,9.525,55.475,990
2264,9.615,55.475,991
2265,9.705,55.475,992
2266,9.795,55.475,993
2272,10.335,55.475,994
2273,10.425,55.475,995
2274,10.515,55.475,996
2275,10.605,55.475,997
2276,10.695,55.475,998
2277,10.785,55.475,999
2278,10.875,55.475,1000
2279,10.965,55.475,1001
2280,11.055,55.475,1002
2281,11.145,55.475,1003
2292,12.135,55.475,1004
2293,12.225,55.475,1005
2294,12.315,55.475,1006
2295,12.405000000000001,55.475,1007
2296,12.495000000000001,55.475,1008
2297,12.585,55.475,1009
2298,12.675,55.475,1010
2299,12.765,55.475,1011
2300,12.855,55.475,1012
2301,12.945,55.475,1013
2302,13.035,55.475,1014
2303,13.125,55.475,1015
2304,13.215,55.475,1016
2316,14.295,55.475,1017
2317,14.385,55.475,1018
2318,14.475,55.475,1019
2319,14.565,55.475,1020
2320,14.655,55.475,1021
2321,14.745000000000001,55.475,1022
2322,14.835,55.475,1023
2323,14.925,55.475,1024
2324,7.545,55.565,1025
2325,7.635,55.565,1026
2326,7.725,55.565,1027
2327,7.815,55.565,1028
2328,7.905,55.565,1029
2330,8.085,55.565,1030
2331,8.175,55.565,1031
2342,9.165,55.565,1032
2344,9.345,55.565,1033
2347,9.615,55.565,1034
2348,9.705,55.565,1035
2349,9.795,55.565,1036
2350,9.885,55.565,1037
2351,9.975,55.565,1038
2354,10.245000000000001,55.565,1039
2355,10.335,55.565,1040
2357,10.515,55.565,1041
2358,10.605,55.565,1042
2359,10.695,55.565,1043
2360,10.785,55.565,1044
2361,10.875,55.565,1045
2362,10.965,55.565,1046
2374,12.045,55.565,1047
2375,12.135,55.565,1048
2376,12.225,55.565,1049
2377,12.315,55.565,1050
2378,12.405000000000001,55.565,1051
2379,12.495000000000001,55.565,1052
2380,12.585,55.565,1053
2381,12.675,55.565,1054
2382,12.765,55.565,1055
2383,12.855,55.565,1056
2384,12.945,55.565,1057
2385,13.035,55.565,1058
2400,14.385,55.565,1059
2401,14.475,55.565,1060
2402,14.565,55.565,1061
2403,14.655,55.565,1062
2404,14.745000000000001,55.565,1063
2405,14.835,55.565,1064
2406,14.925,55.565,1065
2407,7.545,55.655,1066
2408,7.635,55.655,1067
2409,7.725,55.655,1068
2410,7.815,55.655,1069
2411,7.905,55.655,1070
2412,7.995,55.655,1071
2414,8.175,55.655,1072
2415,8.265,55.655,1073
2416,8.355,55.655,1074
2425,9.165,55.655,1075
2427,9.345,55.655,1076
2430,9.615,55.655,1077
2431,9.705,55.655,1078
2432,9.795,55.655,1079
2433,9.885,55.655,1080
2434,9.975,55.655,1081
2435,10.065,55.655,1082
2436,10.155,55.655,1083
2437,10.245000000000001,55.655,1084
2438,10.335,55.655,1085
2439,10.425,55.655,1086
2440,10.515,55.655,1087
2441,10.605,55.655,1088
2442,10.695,55.655,1089
2443,10.785,55.655,1090
2444,10.875,55.655,1091
2445,10.965,55.655,1092
2446,11.055,55.655,1093
2447,11.145,55.655,1094
2451,11.504999999999999,55.655,1095
2452,11.594999999999999,55.655,1096
2453,11.684999999999999,55.655,1097
2454,11.774999999999999,55.655,1098
2455,11.865,55.655,1099
2456,11.955,55.655,1100
2457,12.045,55.655,1101
2458,12.135,55.655,1102
2459,12.225,55.655,1103
2460,12.315,55.655,1104
2461,12.405000000000001,55.655,1105
2462,12.495000000000001,55.655,1106
2463,12.585,55.655,1107
2464,12.675,55.655,1108
2465,12.765,55.655,1109
2466,12.855,55.655,1110
2467,12.945,55.655,1111
2468,13.035,55.655,1112
2484,14.475,55.655,1113
2485,14.565,55.655,1114
2486,14.655,55.655,1115
2487,14.745000000000001,55.655,1116
2488,14.835,55.655,1117
2489,14.925,55.655,1118
2490,7.545,55.745,1119
2491,7.635,55.745,1120
2492,7.725,55.745,1121
2493,7.815,55.745,1122
2494,7.905,55.745,1123
2495,7.995,55.745,1124
2496,8.085,55.745,1125
2497,8.175,55.745,1126
2499,8.355,55.745,1127
2500,8.445,55.745,1128
2508,9.165,55.745,1129
2509,9.254999999999999,55.745,1130
2510,9.345,55.745,1131
2512,9.525,55.745,1132
2513,9.615,55.745,1133
2514,9.705,55.745,1134
2518,10.065,55.745,1135
2519,10.155,55.745,1136
2520,10.245000000000001,55.745,1137
2521,10.335,55.745,1138
2522,10.425,55.745,1139
2523,10.515,55.745,1140
2524,10.605,55.745,1141
2525,10.695,55.745,1142
2526,10.785,55.745,1143
2527,10.875,55.745,1144
2528,10.965,55.745,1145
2529,11.055,55.745,1146
2530,11.145,55.745,1147
2531,11.235,55.745,1148
2532,11.325,55.745,1149
2533,11.415,55.745,1150
2534,11.504999999999999,55.745,1151
2535,11.594999999999999,55.745,1152
2536,11.684999999999999,55.745,1153
2537,11.774999999999999,55.745,1154
2538,11.865,55.745,1155
2539,11.955,55.745,1156
2540,12.045,55.745,1157
2541,12.135,55.745,1158
2544,12.405000000000001,55.745,1159
2545,12.495000000000001,55.745,1160
2546,12.585,55.745,1161
2547,12.675,55.745,1162
2548,12.765,55.745,1163
2549,12.855,55.745,1164
2550,12.945,55.745,1165
2567,14.475,55.745,1166
2568,14.565,55.745,1167
2569,14.655,55.745,1168
2570,14.745000000000001,55.745,1169
2571,14.835,55.745,1170
2572,14.925,55.745,1171
2573,7.545,55.835,1172
2574,7.635,55.835,1173
2575,7.725,55.835,1174
2576,7.815,55.835,1175
2577,7.905,55.835,1176
2578,7.995,55.835,1177
2579,8.085,55.835,1178
2583,8.445,55.835,1179
2591,9.165,55.835,1180
2592,9.254999999999999,55.835,1181
2594,9.435,55.835,1182
2595,9.525,55.835,1183
2599,9.885,55.835,1184
2600,9.975,55.835,1185
2601,10.065,55.835,1186
2602,10.155,55.835,1187
2603,10.245000000000001,55.835,1188
2604,10.335,55.835,1189
2605,10.425,55.835,1190
2606,10.515,55.835,1191
2607,10.605,55.835,1192
2608,10.695,55.835,1193
2609,10.785,55.835,1194
2610,10.875,55.835,1195
2611,10.965,55.835,1196
2612,11.055,55.835,1197
2613,11.145,55.835,1198
2614,11.235,55.835,1199
2615,11.325,55.835,1200
2616,11.415,55.835,1201
2617,11.504999999999999,55.835,1202
2618,11.594999999999999,55.835,1203
2619,11.684999999999999,55.835,1204
2620,11.774999999999999,55.835,1205
2621,11.865,55.835,1206
2623,12.045,55.835,1207
2624,12.135,55.835,1208
2625,12.225,55.835,1209
2626,12.315,55.835,1210
2627,12.405000000000001,55.835,1211
2628,12.495000000000001,55.835,1212
2629,12.585,55.835,1213
2630,12.675,55.835,1214
2631,12.765,55.835,1215
2632,12.855,55.835,1216
2650,14.475,55.835,1217
2651,14.565,55.835,1218
2652,14.655,55.835,1219
2653,14.745000000000001,55.835,1220
2654,14.835,55.835,1221
2655,14.925,55.835,1222
2656,7.545,55.925,1223
2657,7.635,55.925,1224
2658,7.725,55.925,1225
2659,7.815,55.925,1226
2660,7.905,55.925,1227
2661,7.995,55.925,1228
2662,8.085,55.925,1229
2667,8.535,55.925,1230
2668,8.625,55.925,1231
2673,9.075,55.925,1232
2674,9.165,55.925,1233
2675,9.254999999999999,55.925,1234
2676,9.345,55.925,1235
2677,9.435,55.925,1236
2685,10.155,55.925,1237
2686,10.245000000000001,55.925,1238
2687,10.335,55.925,1239
2688,10.425,55.925,1240
2689,10.515,55.925,1241
2690,10.605,55.925,1242
2691,10.695,55.925,1243
2692,10.785,55.925,1244
2693,10.875,55.925,1245
2694,10.965,55.925,1246
2695,11.055,55.925,1247
2696,11.145,55.925,1248
2697,11.235,55.925,1249
2698,11.325,55.925,1250
2699,11.415,55.925,1251
2700,11.504999999999999,55.925,1252
2701,11.594999999999999,55.925,1253
2703,11.774999999999999,55.925,1254
2704,11.865,55.925,1255
2705,11.955,55.925,1256
2706,12.045,55.925,1257
2707,12.135,55.925,1258
2708,12.225,55.925,1259
2709,12.315,55.925,1260
2710,12.405000000000001,55.925,1261
2711,12.495000000000001,55.925,1262
2712,12.585,55.925,1263
2713,12.675,55.925,1264
2714,12.765,55.925,1265
2731,14.295,55.925,1266
2732,14.385,55.925,1267
2733,14.475,55.925,1268
2734,14.565,55.925,1269
2735,14.655,55.925,1270
2736,14.745000000000001,55.925,1271
2737,14.835,55.925,1272
2738,14.925,55.925,1273
2739,7.545,56.015,1274
2740,7.635,56.015,1275
2741,7.725,56.015,1276
2742,7.815,56.015,1277
2743,7.905,56.015,1278
2744,7.995,56.015,1279
2745,8.085,56.015,1280
2751,8.625,56.015,1281
2752,8.715,56.015,1282
2753,8.805,56.015,1283
2754,8.895,56.015,1284
2755,8.985,56.015,1285
2756,9.075,56.015,1286
2757,9.165,56.015,1287
2758,9.254999999999999,56.015,1288
2759,9.345,56.015,1289
2764,9.795,56.015,1290
2765,9.885,56.015,1291
2766,9.975,56.015,1292
2767,10.065,56.015,1293
2768,10.155,56.015,1294
2769,10.245000000000001,56.015,1295
2770,10.335,56.015,1296
2771,10.425,56.015,1297
2772,10.515,56.015,1298
2773,10.605,56.015,1299
2774,10.695,56.015,1300
2775,10.785,56.015,1301
2776,10.875,56.015,1302
2777,10.965,56.015,1303
2778,11.055,56.015,1304
2779,11.145,56.015,1305
2780,11.235,56.015,1306
2781,11.325,56.015,1307
2782,11.415,56.015,1308
2783,11.504999999999999,56.015,1309
2784,11.594999999999999,56.015,1310
2785,11.684999999999999,56.015,1311
2786,11.774999999999999,56.015,1312
2787,11.865,56.015,1313
2788,11.955,56.015,1314
2789,12.045,56.015,1315
2790,12.135,56.015,1316
2791,12.225,56.015,1317
2792,12.315,56.015,1318
2793,12.405000000000001,56.015,1319
2794,12.495000000000001,56.015,1320
2795,12.585,56.015,1321
2796,12.675,56.015,1322
2797,12.765,56.015,1323
2817,14.565,56.015,1324
2818,14.655,56.015,1325
2819,14.745000000000001,56.015,1326
2820,14.835,56.015,1327
2821,14.925,56.015,1328
2822,7.545,56.105,1329
2823,7.635,56.105,1330
2824,7.725,56.105,1331
2825,7.815,56.105,1332
2826,7.905,56.105,1333
2827,7.995,56.105,1334
2828,8.085,56.105,1335
2839,9.075,56.105,1336
2840,9.165,56.105,1337
2841,9.254999999999999,56.105,1338
2845,9.615,56.105,1339
2846,9.705,56.105,1340
2847,9.795,56.105,1341
2848,9.885,56.105,1342
2849,9.975,56.105,1343
2850,10.065,56.105,1344
2851,10.155,56.105,1345
2852,10.245000000000001,56.105,1346
2853,10.335,56.105,1347
2854,10.425,56.105,1348
2855,10.515,56.105,1349
2856,10.605,56.105,1350
2857,10.695,56.105,1351
2858,10.785,56.105,1352
2859,10.875,56.105,1353
2860,10.965,56.105,1354
2861,11.055,56.105,1355
2862,11.145,56.105,1356
2863,11.235,56.105,1357
2864,11.325,56.105,1358
2865,11.415,56.105,1359
2866,11.504999999999999,56.105,1360
2867,11.594999999999999,56.105,1361
2868,11.684999999999999,56.105,1362
2869,11.774999999999999,56.105,1363
2870,11.865,56.105,1364
2871,11.955,56.105,1365
2872,12.045,56.105,1366
2873,12.135,56.105,1367
2874,12.225,56.105,1368
2875,12.315,56.105,1369
2876,12.405000000000001,56.105,1370
2877,12.495000000000001,56.105,1371
2878,12.585,56.105,1372
2879,12.675,56.105,1373
2902,14.745000000000001,56.105,1374
2903,14.835,56.105,1375
2904,14.925,56.105,1376
2905,7.545,56.195,1377
2906,7.635,56.195,1378
2907,7.725,56.195,1379
2908,7.815,56.195,1380
2909,7.905,56.195,1381
2910,7.995,56.195,1382
2911,8.085,56.195,1383
2922,9.075,56.195,1384
2923,9.165,56.195,1385
2925,9.345,56.195,1386
2926,9.435,56.195,1387
2927,9.525,56.195,1388
2928,9.615,56.195,1389
2929,9.705,56.195,1390
2930,9.795,56.195,1391
2931,9.885,56.195,1392
2932,9.975,56.195,1393
2933,10.065,56.195,1394
2934,10.155,56.195,1395
2935,10.245000000000001,56.195,1396
2936,10.335,56.195,1397
2937,10.425,56.195,1398
2939,10.605,56.195,1399
2940,10.695,56.195,1400
2941,10.785,56.195,1401
2942,10.875,56.195,1402
2943,10.965,56.195,1403
2944,11.055,56.195,1404
2945,11.145,56.195,1405
2946,11.235,56.195,1406
2947,11.325,56.195,1407
2948,11.415,56.195,1408
2949,11.504999999999999,56.195,1409
2950,11.594999999999999,56.195,1410
2951,11.684999999999999,56.195,1411
2952,11.774999999999999,56.195,1412
2953,11.865,56.195,1413
2954,11.955,56.195,1414
2955,12.045,56.195,1415
2956,12.135,56.195,1416
2957,12.225,56.195,1417
2958,12.315,56.195,1418
2959,12.405000000000001,56.195,1419
2960,12.495000000000001,56.195,1420
2961,12.585,56.195,1421
2985,14.745000000000001,56.195,1422
2986,14.835,56.195,1423
2988,7.545,56.285,1424
2989,7.635,56.285,1425
2990,7.725,56.285,1426
2991,7.815,56.285,1427
2992,7.905,56.285,1428
2993,7.995,56.285,1429
2994,8.085,56.285,1430
3001,8.715,56.285,1431
3002,8.805,56.285,1432
3003,8.895,56.285,1433
3004,8.985,56.285,1434
3005,9.075,56.285,1435
3006,9.165,56.285,1436
3007,9.254999999999999,56.285,1437
3008,9.345,56.285,1438
3009,9.435,56.285,1439
3010,9.525,56.285,1440
3011,9.615,56.285,1441
3012,9.705,56.285,1442
3013,9.795,56.285,1443
3014,9.885,56.285,1444
3015,9.975,56.285,1445
3016,10.065,56.285,1446
3017,10.155,56.285,1447
3018,10.245000000000001,56.285,1448
3019,10.335,56.285,1449
3020,10.425,56.285,1450
3021,10.515,56.285,1451
3022,10.605,56.285,1452
3025,10.875,56.285,1453
3026,10.965,56.285,1454
3027,11.055,56.285,1455
3028,11.145,56.285,1456
3029,11.235,56.285,1457
3030,11.325,56.285,1458
3031,11.415,56.285,1459
3032,11.504999999999999,56.285,1460
3033,11.594999999999999,56.285,1461
3034,11.684999999999999,56.285,1462
3035,11.774999999999999,56.285,1463
3036,11.865,56.285,1464
3037,11.955,56.285,1465
3038,12.045,56.285,1466
3039,12.135,56.285,1467
3040,12.225,56.285,1468
3041,12.315,56.285,1469
3042,12.405000000000001,56.285,1470
3043,12.495000000000001,56.285,1471
3071,7.545,56.375,1472
3072,7.635,56.375,1473
3073,7.725,56.375,1474
3074,7.815,56.375,1475
3075,7.905,56.375,1476
3076,7.995,56.375,1477
3077,8.085,56.375,1478
3084,8.715,56.375,1479
3085,8.805,56.375,1480
3089,9.165,56.375,1481
3098,9.975,56.375,1482
3100,10.155,56.375,1483
3101,10.245000000000001,56.375,1484
3103,10.425,56.375,1485
3104,10.515,56.375,1486
3105,10.605,56.375,1487
3106,10.695,56.375,1488
3107,10.785,56.375,1489
3108,10.875,56.375,1490
3109,10.965,56.375,1491
3110,11.055,56.375,1492
3111,11.145,56.375,1493
3112,11.235,56.375,1494
3113,11.325,56.375,1495
3114,11.415,56.375,1496
3115,11.504999999999999,56.375,1497
3116,11.594999999999999,56.375,1498
3117,11.684999999999999,56.375,1499
3118,11.774999999999999,56.375,1500
3119,11.865,56.375,1501
3120,11.955,56.375,1502
3121,12.045,56.375,1503
3122,12.135,56.375,1504
3123,12.225,56.375,1505
3124,12.315,56.375,1506
3125,12.405000000000001,56.375,1507
3126,12.495000000000001,56.375,1508
3127,12.585,56.375,1509
3154,7.545,56.465,1510
3155,7.635,56.465,1511
3156,7.725,56.465,1512
3157,7.815,56.465,1513
3158,7.905,56.465,1514
3159,7.995,56.465,1515
3160,8.085,56.465,1516
3166,8.625,56.465,1517
3168,8.805,56.465,1518
3169,8.895,56.465,1519
3172,9.165,56.465,1520
3173,9.254999999999999,56.465,1521
3181,9.975,56.465,1522
3182,10.065,56.465,1523
3183,10.155,56.465,1524
3184,10.245000000000001,56.465,1525
3187,10.515,56.465,1526
3191,10.875,56.465,1527
3192,10.965,56.465,1528
3193,11.055,56.465,1529
3194,11.145,56.465,1530
3195,11.235,56.465,1531
3196,11.325,56.465,1532
3197,11.415,56.465,1533
3198,11.504999999999999,56.465,1534
3199,11.594999999999999,56.465,1535
3200,11.684999999999999,56.465,1536
3201,11.774999999999999,56.465,1537
3202,11.865,56.465,1538
3203,11.955,56.465,1539
3204,12.045,56.465,1540
3205,12.135,56.465,1541
3206,12.225,56.465,1542
3207,12.315,56.465,1543
3208,12.405000000000001,56.465,1544
3209,12.495000000000001,56.465,1545
3210,12.585,56.465,1546
3211,12.675,56.465,1547
3237,7.545,56.555,1548
3238,7.635,56.555,1549
3239,7.725,56.555,1550
3240,7.815,56.555,1551
3241,7.905,56.555,1552
3242,7.995,56.555,1553
3243,8.085,56.555,1554
3247,8.445,56.555,1555
3248,8.535,56.555,1556
3249,8.625,56.555,1557
3250,8.715,56.555,1558
3252,8.895,56.555,1559
3253,8.985,56.555,1560
3254,9.075,56.555,1561
3255,9.165,56.555,1562
3256,9.254999999999999,56.555,1563
3257,9.345,56.555,1564
3264,9.975,56.555,1565
3265,10.065,56.555,1566
3266,10.155,56.555,1567
3267,10.245000000000001,56.555,1568
3268,10.335,56.555,1569
3269,10.425,56.555,1570
3270,10.515,56.555,1571
3271,10.605,56.555,1572
3272,10.695,56.555,1573
3273,10.785,56.555,1574
3274,10.875,56.555,1575
3275,10.965,56.555,1576
3276,11.055,56.555,1577
3277,11.145,56.555,1578
3279,11.325,56.555,1579
3280,11.415,56.555,1580
3281,11.504999999999999,56.555,1581
3282,11.594999999999999,56.555,1582
3283,11.684999999999999,56.555,1583
3284,11.774999999999999,56.555,1584
3285,11.865,56.555,1585
3286,11.955,56.555,1586
3287,12.045,56.555,1587
3288,12.135,56.555,1588
3289,12.225,56.555,1589
3290,12.315,56.555,1590
3291,12.405000000000001,56.555,1591
3292,12.495000000000001,56.555,1592
3293,12.585,56.555,1593
3294,12.675,56.555,1594
3295,12.765,56.555,1595
3320,7.545,56.645,1596
3321,7.635,56.645,1597
3322,7.725,56.645,1598
3323,7.815,56.645,1599
3324,7.905,56.645,1600
3325,7.995,56.645,1601
3326,8.085,56.645,1602
3327,8.175,56.645,1603
3328,8.265,56.645,1604
3329,8.355,56.645,1605
3330,8.445,56.645,1606
3332,8.625,56.645,1607
3333,8.715,56.645,1608
3334,8.805,56.645,1609
3337,9.075,56.645,1610
3338,9.165,56.645,1611
3339,9.254999999999999,56.645,1612
3340,9.345,56.645,1613
3341,9.435,56.645,1614
3345,9.795,56.645,1615
3346,9.885,56.645,1616
3347,9.975,56.645,1617
3348,10.065,56.645,1618
3351,10.335,56.645,1619
3352,10.425,56.645,1620
3353,10.515,56.645,1621
3354,10.605,56.645,1622
3355,10.695,56.645,1623
3356,10.785,56.645,1624
3357,10.875,56.645,1625
3358,10.965,56.645,1626
3359,11.055,56.645,1627
3360,11.145,56.645,1628
3361,11.235,56.645,1629
3362,11.325,56.645,1630
3363,11.415,56.645,1631
3364,11.504999999999999,56.645,1632
3365,11.594999999999999,56.645,1633
3366,11.684999999999999,56.645,1634
3367,11.774999999999999,56.645,1635
3368,11.865,56.645,1636
3369,11.955,56.645,1637
3370,12.045,56.645,1638
3371,12.135,56.645,1639
3372,12.225,56.645,1640
3373,12.315,56.645,1641
3374,12.405000000000001,56.645,1642
3375,12.495000000000001,56.645,1643
3376,12.585,56.645,1644
3377,12.675,56.645,1645
3378,12.765,56.645,1646
3379,12.855,56.645,1647
3403,7.545,56.735,1648
3404,7.635,56.735,1649
3405,7.725,56.735,1650
3406,7.815,56.735,1651
3407,7.905,56.735,1652
3408,7.995,56.735,1653
3409,8.085,56.735,1654
3410,8.175,56.735,1655
3411,8.265,56.735,1656
3417,8.805,56.735,1657
3418,8.895,56.735,1658
3421,9.165,56.735,1659
3422,9.254999999999999,56.735,1660
3423,9.345,56.735,1661
3424,9.435,56.735,1662
3425,9.525,56.735,1663
3428,9.795,56.735,1664
3429,9.885,56.735,1665
3430,9.975,56.735,1666
3431,10.065,56.735,1667
3432,10.155,56.735,1668
3433,10.245000000000001,56.735,1669
3434,10.335,56.735,1670
3435,10.425,56.735,1671
3436,10.515,56.735,1672
3437,10.605,56.735,1673
3438,10.695,56.735,1674
3439,10.785,56.735,1675
3440,10.875,56.735,1676
3441,10.965,56.735,1677
3442,11.055,56.735,1678
3443,11.145,56.735,1679
3444,11.235,56.735,1680
3445,11.325,56.735,1681
3446,11.415,56.735,1682
3447,11.504999999999999,56.735,1683
3448,11.594999999999999,56.735,1684
3449,11.684999999999999,56.735,1685
3450,11.774999999999999,56.735,1686
3451,11.865,56.735,1687
3452,11.955,56.735,1688
3453,12.045,56.735,1689
3454,12.135,56.735,1690
3455,12.225,56.735,1691
3456,12.315,56.735,1692
3457,12.405000000000001,56.735,1693
3458,12.495000000000001,56.735,1694
3459,12.585,56.735,1695
3460,12.675,56.735,1696
3486,7.545,56.825,1697
3487,7.635,56.825,1698
3488,7.725,56.825,1699
3489,7.815,56.825,1700
3490,7.905,56.825,1701
3491,7.995,56.825,1702
3492,8.085,56.825,1703
3493,8.175,56.825,1704
3494,8.265,56.825,1705
3501,8.895,56.825,1706
3502,8.985,56.825,1707
3503,9.075,56.825,1708
3504,9.165,56.825,1709
3505,9.254999999999999,56.825,1710
3506,9.345,56.825,1711
3507,9.435,56.825,1712
3508,9.525,56.825,1713
3509,9.615,56.825,1714
3510,9.705,56.825,1715
3511,9.795,56.825,1716
3512,9.885,56.825,1717
3513,9.975,56.825,1718
3517,10.335,56.825,1719
3518,10.425,56.825,1720
3519,10.515,56.825,1721
3520,10.605,56.825,1722
3521,10.695,56.825,1723
3522,10.785,56.825,1724
3523,10.875,56.825,1725
3524,10.965,56.825,1726
3525,11.055,56.825,1727
3526,11.145,56.825,1728
3527,11.235,56.825,1729
3528,11.325,56.825,1730
3529,11.415,56.825,1731
3530,11.504999999999999,56.825,1732
3531,11.594999999999999,56.825,1733
3532,11.684999999999999,56.825,1734
3533,11.774999999999999,56.825,1735
3534,11.865,56.825,1736
3535,11.955,56.825,1737
3536,12.045,56.825,1738
3537,12.135,56.825,1739
3538,12.225,56.825,1740
3539,12.315,56.825,1741
3540,12.405000000000001,56.825,1742
3541,12.495000000000001,56.825,1743
3569,7.545,56.915,1744
3570,7.635,56.915,1745
3571,7.725,56.915,1746
3572,7.815,56.915,1747
3573,7.905,56.915,1748
3574,7.995,56.915,1749
3575,8.085,56.915,1750
3576,8.175,56.915,1751
3577,8.265,56.915,1752
3578,8.355,56.915,1753
3585,8.985,56.915,1754
3586,9.075,56.915,1755
3587,9.165,56.915,1756
3589,9.345,56.915,1757
3590,9.435,56.915,1758
3591,9.525,56.915,1759
3592,9.615,56.915,1760
3593,9.705,56.915,1761
3595,9.885,56.915,1762
3596,9.975,56.915,1763
3598,10.155,56.915,1764
3599,10.245000000000001,56.915,1765
3600,10.335,56.915,1766
3601,10.425,56.915,1767
3602,10.515,56.915,1768
3603,10.605,56.915,1769
3604,10.695,56.915,1770
3605,10.785,56.915,1771
3606,10.875,56.915,1772
3607,10.965,56.915,1773
3608,11.055,56.915,1774
3609,11.145,56.915,1775
3610,11.235,56.915,1776
3611,11.325,56.915,1777
3612,11.415,56.915,1778
3613,11.504999999999999,56.915,1779
3614,11.594999999999999,56.915,1780
3615,11.684999999999999,56.915,1781
3616,11.774999999999999,56.915,1782
3617,11.865,56.915,1783
3618,11.955,56.915,1784
3619,12.045,56.915,1785
3620,12.135,56.915,1786
3621,12.225,56.915,1787
3622,12.315,56.915,1788
3623,12.405000000000001,56.915,1789
3624,12.495000000000001,56.915,1790
3652,7.545,57.005,1791
3653,7.635,57.005,1792
3654,7.725,57.005,1793
3655,7.815,57.005,1794
3656,7.905,57.005,1795
3657,7.995,57.005,1796
3658,8.085,57.005,1797
3659,8.175,57.005,1798
3660,8.265,57.005,1799
3661,8.355,57.005,1800
3662,8.445,57.005,1801
3670,9.165,57.005,1802
3671,9.254999999999999,57.005,1803
3672,9.345,57.005,1804
3673,9.435,57.005,1805
3674,9.525,57.005,1806
3675,9.615,57.005,1807
3676,9.705,57.005,1808
3677,9.795,57.005,1809
3678,9.885,57.005,1810
3679,9.975,57.005,1811
3680,10.065,57.005,1812
3681,10.155,57.005,1813
3682,10.245000000000001,57.005,1814
3683,10.335,57.005,1815
3684,10.425,57.005,1816
3685,10.515,57.005,1817
3686,10.605,57.005,1818
3687,10.695,57.005,1819
3688,10.785,57.005,1820
3689,10.875,57.005,1821
3690,10.965,57.005,1822
3694,11.325,57.005,1823
3695,11.415,57.005,1824
3696,11.504999999999999,57.005,1825
3697,11.594999999999999,57.005,1826
3698,11.684999999999999,57.005,1827
3699,11.774999999999999,57.005,1828
3700,11.865,57.005,1829
3701,11.955,57.005,1830
3702,12.045,57.005,1831
3703,12.135,57.005,1832
3704,12.225,57.005,1833
3705,12.315,57.005,1834
3735,7.545,57.095,1835
3736,7.635,57.095,1836
3737,7.725,57.095,1837
3738,7.815,57.095,1838
3739,7.905,57.095,1839
3740,7.995,57.095,1840
3741,8.085,57.095,1841
3742,8.175,57.095,1842
3743,8.265,57.095,1843
3744,8.355,57.095,1844
3745,8.445,57.095,1845
3746,8.535,57.095,1846
3747,8.625,57.095,1847
3757,9.525,57.095,1848
3758,9.615,57.095,1849
3759,9.705,57.095,1850
3760,9.795,57.095,1851
3761,9.885,57.095,1852
3762,9.975,57.095,1853
3763,10.065,57.095,1854
3764,10.155,57.095,1855
3765,10.245000000000001,57.095,1856
3766,10.335,57.095,1857
3767,10.425,57.095,1858
3768,10.515,57.095,1859
3769,10.605,57.095,1860
3770,10.695,57.095,1861
3771,10.785,57.095,1862
3772,10.875,57.095,1863
3773,10.965,57.095,1864
3774,11.055,57.095,1865
3775,11.145,57.095,1866
3776,11.235,57.095,1867
3777,11.325,57.095,1868
3778,11.415,57.095,1869
3779,11.504999999999999,57.095,1870
3780,11.594999999999999,57.095,1871
3781,11.684999999999999,57.095,1872
3782,11.774999999999999,57.095,1873
3783,11.865,57.095,1874
3784,11.955,57.095,1875
3785,12.045,57.095,1876
3786,12.135,57.095,1877
3787,12.225,57.095,1878
3818,7.545,57.185,1879
3819,7.635,57.185,1880
3820,7.725,57.185,1881
3821,7.815,57.185,1882
3822,7.905,57.185,1883
3823,7.995,57.185,1884
3824,8.085,57.185,1885
3825,8.175,57.185,1886
3826,8.265,57.185,1887
3827,8.355,57.185,1888
3828,8.445,57.185,1889
3829,8.535,57.185,1890
3830,8.625,57.185,1891
3831,8.715,57.185,1892
3832,8.805,57.185,1893
3833,8.895,57.185,1894
3834,8.985,57.185,1895
3841,9.615,57.185,1896
3842,9.705,57.185,1897
3843,9.795,57.185,1898
3844,9.885,57.185,1899
3845,9.975,57.185,1900
3846,10.065,57.185,1901
3847,10.155,57.185,1902
3851,10.515,57.185,1903
3852,10.605,57.185,1904
3853,10.695,57.185,1905
3854,10.785,57.185,1906
3860,11.325,57.185,1907
3861,11.415,57.185,1908
3862,11.504999999999999,57.185,1909
3863,11.594999999999999,57.185,1910
3864,11.684999999999999,57.185,1911
3865,11.774999999999999,57.185,1912
3866,11.865,57.185,1913
3867,11.955,57.185,1914
3868,12.045,57.185,1915
3869,12.135,57.185,1916
3901,7.545,57.275,1917
3902,7.635,57.275,1918
3903,7.725,57.275,1919
3904,7.815,57.275,1920
3905,7.905,57.275,1921
3906,7.995,57.275,1922
3907,8.085,57.275,1923
3908,8.175,57.275,1924
3909,8.265,57.275,1925
3910,8.355,57.275,1926
3911,8.445,57.275,1927
3912,8.535,57.275,1928
3913,8.625,57.275,1929
3914,8.715,57.275,1930
3915,8.805,57.275,1931
3916,8.895,57.275,1932
3917,8.985,57.275,1933
3918,9.075,57.275,1934
3919,9.165,57.275,1935
3920,9.254999999999999,57.275,1936
3921,9.345,57.275,1937
3922,9.435,57.275,1938
3923,9.525,57.275,1939
3924,9.615,57.275,1940
3925,9.705,57.275,1941
3926,9.795,57.275,1942
3928,9.975,57.275,1943
3929,10.065,57.275,1944
3930,10.155,57.275,1945
3931,10.245000000000001,57.275,1946
3932,10.335,57.275,1947
3934,10.515,57.275,1948
3935,10.605,57.275,1949
3936,10.695,57.275,1950
3937,10.785,57.275,1951
3942,11.235,57.275,1952
3943,11.325,57.275,1953
3944,11.415,57.275,1954
3945,11.504999999999999,57.275,1955
3946,11.594999999999999,57.275,1956
3947,11.684999999999999,57.275,1957
3948,11.774999999999999,57.275,1958
3949,11.865,57.275,1959
3950,11.955,57.275,1960
3951,12.045,57.275,1961
3952,12.135,57.275,1962
3984,7.545,57.365,1963
3985,7.635,57.365,1964
3986,7.725,57.365,1965
3987,7.815,57.365,1966
3988,7.905,57.365,1967
3989,7.995,57.365,1968
3990,8.085,57.365,1969
3991,8.175,57.365,1970
3992,8.265,57.365,1971
3993,8.355,57.365,1972
3994,8.445,57.365,1973
3995,8.535,57.365,1974
3996,8.625,57.365,1975
3997,8.715,57.365,1976
3998,8.805,57.365,1977
3999,8.895,57.365,1978
4000,8.985,57.365,1979
4001,9.075,57.365,1980
4002,9.165,57.365,1981
4003,9.254999999999999,57.365,1982
4004,9.345,57.365,1983
4005,9.435,57.365,1984
4006,9.525,57.365,1985
4007,9.615,57.365,1986
4008,9.705,57.365,1987
4009,9.795,57.365,1988
4012,10.065,57.365,1989
4013,10.155,57.365,1990
4014,10.245000000000001,57.365,1991
4015,10.335,57.365,1992
4016,10.425,57.365,1993
4017,10.515,57.365,1994
4018,10.605,57.365,1995
4019,10.695,57.365,1996
4020,10.785,57.365,1997
4021,10.875,57.365,1998
4022,10.965,57.365,1999
4024,11.145,57.365,2000
4025,11.235,57.365,2001
4026,11.325,57.365,2002
4027,11.415,57.365,2003
4028,11.504999999999999,57.365,2004
4029,11.594999999999999,57.365,2005
4030,11.684999999999999,57.365,2006
4031,11.774999999999999,57.365,2007
4032,11.865,57.365,2008
4033,11.955,57.365,2009
4067,7.545,57.455,2010
4068,7.635,57.455,2011
4069,7.725,57.455,2012
4070,7.815,57.455,2013
4071,7.905,57.455,2014
4072,7.995,57.455,2015
4073,8.085,57.455,2016
4074,8.175,57.455,2017
4075,8.265,57.455,2018
4076,8.355,57.455,2019
4077,8.445,57.455,2020
4078,8.535,57.455,2021
4079,8.625,57.455,2022
4080,8.715,57.455,2023
4081,8.805,57.455,2024
4082,8.895,57.455,2025
4083,8.985,57.455,2026
4084,9.075,57.455,2027
4085,9.165,57.455,2028
4086,9.254999999999999,57.455,2029
4087,9.345,57.455,2030
4088,9.435,57.455,2031
4089,9.525,57.455,2032
4090,9.615,57.455,2033
4091,9.705,57.455,2034
4092,9.795,57.455,2035
4098,10.335,57.455,2036
4099,10.425,57.455,2037
4100,10.515,57.455,2038
4101,10.605,57.455,2039
4102,10.695,57.455,2040
4103,10.785,57.455,2041
4104,10.875,57.455,2042
4105,10.965,57.455,2043
4106,11.055,57.455,2044
4107,11.145,57.455,2045
4108,11.235,57.455,2046
4109,11.325,57.455,2047
4110,11.415,57.455,2048
4111,11.504999999999999,57.455,2049
4112,11.594999999999999,57.455,2050
4113,11.684999999999999,57.455,2051
4114,11.774999999999999,57.455,2052
4115,11.865,57.455,2053
4150,7.545,57.545,2054
4151,7.635,57.545,2055
4152,7.725,57.545,2056
4153,7.815,57.545,2057
4154,7.905,57.545,2058
4155,7.995,57.545,2059
4156,8.085,57.545,2060
4157,8.175,57.545,2061
4158,8.265,57.545,2062
4159,8.355,57.545,2063
4160,8.445,57.545,2064
4161,8.535,57.545,2065
4162,8.625,57.545,2066
4163,8.715,57.545,2067
4164,8.805,57.545,2068
4165,8.895,57.545,2069
4166,8.985,57.545,2070
4167,9.075,57.545,2071
4168,9.165,57.545,2072
4169,9.254999999999999,57.545,2073
4170,9.345,57.545,2074
4171,9.435,57.545,2075
4172,9.525,57.545,2076
4173,9.615,57.545,2077
4174,9.705,57.545,2078
4175,9.795,57.545,2079
4176,9.885,57.545,2080
4182,10.425,57.545,2081
4183,10.515,57.545,2082
4184,10.605,57.545,2083
4185,10.695,57.545,2084
4186,10.785,57.545,2085
4187,10.875,57.545,2086
4188,10.965,57.545,2087
4189,11.055,57.545,2088
4190,11.145,57.545,2089
4191,11.235,57.545,2090
4192,11.325,57.545,2091
4193,11.415,57.545,2092
4194,11.504999999999999,57.545,2093
4195,11.594999999999999,57.545,2094
4196,11.684999999999999,57.545,2095
4197,11.774999999999999,57.545,2096
4198,11.865,57.545,2097
4233,7.545,57.635,2098
4234,7.635,57.635,2099
4235,7.725,57.635,2100
4236,7.815,57.635,2101
4237,7.905,57.635,2102
4238,7.995,57.635,2103
4239,8.085,57.635,2104
4240,8.175,57.635,2105
4241,8.265,57.635,2106
4242,8.355,57.635,2107
4243,8.445,57.635,2108
4244,8.535,57.635,2109
4245,8.625,57.635,2110
4246,8.715,57.635,2111
4247,8.805,57.635,2112
4248,8.895,57.635,2113
4249,8.985,57.635,2114
4250,9.075,57.635,2115
4251,9.165,57.635,2116
4252,9.254999999999999,57.635,2117
4253,9.345,57.635,2118
4254,9.435,57.635,2119
4255,9.525,57.635,2120
4256,9.615,57.635,2121
4257,9.705,57.635,2122
4258,9.795,57.635,2123
4259,9.885,57.635,2124
4260,9.975,57.635,2125
4261,10.065,57.635,2126
4262,10.155,57.635,2127
4263,10.245000000000001,57.635,2128
4264,10.335,57.635,2129
4265,10.425,57.635,2130
4266,10.515,57.635,2131
4267,10.605,57.635,2132
4268,10.695,57.635,2133
4269,10.785,57.635,2134
4270,10.875,57.635,2135
4271,10.965,57.635,2136
4272,11.055,57.635,2137
4273,11.145,57.635,2138
4274,11.235,57.635,2139
4275,11.325,57.635,2140
4276,11.415,57.635,2141
4277,11.504999999999999,57.635,2142
4278,11.594999999999999,57.635,2143
4279,11.684999999999999,57.635,2144
4280,11.774999999999999,57.635,2145
4281,11.865,57.635,2146
4316,7.545,57.725,2147
4317,7.635,57.725,2148
4318,7.725,57.725,2149
4319,7.815,57.725,2150
4320,7.905,57.725,2151
4321,7.995,57.725,2152
4322,8.085,57.725,2153
4323,8.175,57.725,2154
4324,8.265,57.725,2155
4325,8.355,57.725,2156
4326,8.445,57.725,2157
4327,8.535,57.725,2158
4328,8.625,57.725,2159
4329,8.715,57.725,2160
4330,8.805,57.725,2161
4331,8.895,57.725,2162
4332,8.985,57.725,2163
4333,9.075,57.725,2164
4334,9.165,57.725,2165
4335,9.254999999999999,57.725,2166
4336,9.345,57.725,2167
4337,9.435,57.725,2168
4338,9.525,57.725,2169
4339,9.615,57.725,2170
4340,9.705,57.725,2171
4341,9.795,57.725,2172
4342,9.885,57.725,2173
4343,9.975,57.725,2174
4344,10.065,57.725,2175
4345,10.155,57.725,2176
4346,10.245000000000001,57.725,2177
4347,10.335,57.725,2178
4348,10.425,57.725,2179
4349,10.515,57.725,2180
4350,10.605,57.725,2181
4351,10.695,57.725,2182
4352,10.785,57.725,2183
4353,10.875,57.725,2184
4354,10.965,57.725,2185
4355,11.055,57.725,2186
4356,11.145,57.725,2187
4357,11.235,57.725,2188
4358,11.325,57.725,2189
4359,11.415,57.725,2190
4360,11.504999999999999,57.725,2191
4361,11.594999999999999,57.725,2192
4362,11.684999999999999,57.725,2193
4363,11.774999999999999,57.725,2194
4364,11.865,57.725,2195
4365,11.955,57.725,2196
4366,12.045,57.725,2197
4399,7.545,57.815,2198
4400,7.635,57.815,2199
4401,7.725,57.815,2200
4402,7.815,57.815,2201
4403,7.905,57.815,2202
4404,7.995,57.815,2203
4405,8.085,57.815,2204
4406,8.175,57.815,2205
4407,8.265,57.815,2206
4408,8.355,57.815,2207
4409,8.445,57.815,2208
4410,8.535,57.815,2209
4411,8.625,57.815,2210
4412,8.715,57.815,2211
4413,8.805,57.815,2212
4414,8.895,57.815,2213
4415,8.985,57.815,2214
4416,9.075,57.815,2215
4417,9.165,57.815,2216
4418,9.254999999999999,57.815,2217
4419,9.345,57.815,2218
4420,9.435,57.815,2219
4421,9.525,57.815,2220
4422,9.615,57.815,2221
4423,9.705,57.815,2222
4424,9.795,57.815,2223
4425,9.885,57.815,2224
4426,9.975,57.815,2225
4427,10.065,57.815,2226
4428,10.155,57.815,2227
4429,10.245000000000001,57.815,2228
4430,10.335,57.815,2229
4431,10.425,57.815,2230
4432,10.515,57.815,2231
4433,10.605,57.815,2232
4434,10.695,57.815,2233
4435,10.785,57.815,2234
4436,10.875,57.815,2235
4437,10.965,57.815,2236
4438,11.055,57.815,2237
4439,11.145,57.815,2238
4440,11.235,57.815,2239
4441,11.325,57.815,2240
4442,11.415,57.815,2241
4443,11.504999999999999,57.815,2242
4444,11.594999999999999,57.815,2243
4445,11.684999999999999,57.815,2244
4449,12.045,57.815,2245
4482,7.545,57.905,2246
4483,7.635,57.905,2247
4484,7.725,57.905,2248
4485,7.815,57.905,2249
4486,7.905,57.905,2250
4487,7.995,57.905,2251
4488,8.085,57.905,2252
4489,8.175,57.905,2253
4490,8.265,57.905,2254
4491,8.355,57.905,2255
4492,8.445,57.905,2256
4493,8.535,57.905,2257
4494,8.625,57.905,2258
4495,8.715,57.905,2259
4496,8.805,57.905,2260
4497,8.895,57.905,2261
4498,8.985,57.905,2262
4499,9.075,57.905,2263
4500,9.165,57.905,2264
4501,9.254999999999999,57.905,2265
4502,9.345,57.905,2266
4503,9.435,57.905,2267
4504,9.525,57.905,2268
4505,9.615,57.905,2269
4506,9.705,57.905,2270
4507,9.795,57.905,2271
4508,9.885,57.905,2272
4509,9.975,57.905,2273
4510,10.065,57.905,2274
4511,10.155,57.905,2275
4512,10.245000000000001,57.905,2276
4513,10.335,57.905,2277
4514,10.425,57.905,2278
4515,10.515,57.905,2279
4516,10.605,57.905,2280
4517,10.695,57.905,2281
4518,10.785,57.905,2282
4519,10.875,57.905,2283
4520,10.965,57.905,2284
4521,11.055,57.905,2285
4522,11.145,57.905,2286
4523,11.235,57.905,2287
4524,11.325,57.905,2288
4525,11.415,57.905,2289
4526,11.504999999999999,57.905,2290
4527,11.594999999999999,57.905,2291
4528,11.684999999999999,57.905,2292
4532,12.045,57.905,2293
4565,7.545,57.995,2294
4566,7.635,57.995,2295
4567,7.725,57.995,2296
4568,7.815,57.995,2297
4569,7.905,57.995,2298
4570,7.995,57.995,2299
4571,8.085,57.995,2300
4572,8.175,57.995,2301
4573,8.265,57.995,2302
4574,8.355,57.995,2303
4575,8.445,57.995,2304
4576,8.535,57.995,2305
4577,8.625,57.995,2306
4578,8.715,57.995,2307
4579,8.805,57.995,2308
4580,8.895,57.995,2309
4581,8.985,57.995,2310
4582,9.075,57.995,2311
4583,9.165,57.995,2312
4584,9.254999999999999,57.995,2313
4585,9.345,57.995,2314
4586,9.435,57.995,2315
4587,9.525,57.995,2316
4588,9.615,57.995,2317
4589,9.705,57.995,2318
4590,9.795,57.995,2319
4591,9.885,57.995,2320
4592,9.975,57.995,2321
4593,10.065,57.995,2322
4594,10.155,57.995,2323
4595,10.245000000000001,57.995,2324
4596,10.335,57.995,2325
4597,10.425,57.995,2326
4598,10.515,57.995,2327
4599,10.605,57.995,2328
4600,10.695,57.995,2329
4601,10.785,57.995,2330
4602,10.875,57.995,2331
4603,10.965,57.995,2332
4604,11.055,57.995,2333
4605,11.145,57.995,2334
4606,11.235,57.995,2335
4607,11.325,57.995,2336
4608,11.415,57.995,2337
4609,11.504999999999999,57.995,2338
4611,11.684999999999999,57.995,2339
4612,11.774999999999999,57.995,2340
4616,12.135,57.995,2341
4653,7.995,58.085,2342
4654,8.085,58.085,2343
4655,8.175,58.085,2344
4656,8.265,58.085,2345
4657,8.355,58.085,2346
4658,8.445,58.085,2347
4659,8.535,58.085,2348
4660,8.625,58.085,2349
4661,8.715,58.085,2350
4662,8.805,58.085,2351
4663,8.895,58.085,2352
4664,8.985,58.085,2353
4665,9.075,58.085,2354
4666,9.165,58.085,2355
4667,9.254999999999999,58.085,2356
4668,9.345,58.085,2357
4669,9.435,58.085,2358
4670,9.525,58.085,2359
4671,9.615,58.085,2360
4672,9.705,58.085,2361
4673,9.795,58.085,2362
4674,9.885,58.085,2363
4675,9.975,58.085,2364
4676,10.065,58.085,2365
4677,10.155,58.085,2366
4678,10.245000000000001,58.085,2367
4679,10.335,58.085,2368
4680,10.425,58.085,2369
4681,10.515,58.085,2370
4682,10.605,58.085,2371
4683,10.695,58.085,2372
4684,10.785,58.085,2373
4685,10.875,58.085,2374
4686,10.965,58.085,2375
4687,11.055,58.085,2376
4688,11.145,58.085,2377
4689,11.235,58.085,2378
4690,11.325,58.085,2379
4691,11.415,58.085,2380
4692,11.504999999999999,58.085,2381
4695,11.774999999999999,58.085,2382
4696,11.865,58.085,2383
4736,7.995,58.175,2384
4737,8.085,58.175,2385
4740,8.355,58.175,2386
4741,8.445,58.175,2387
4742,8.535,58.175,2388
4743,8.625,58.175,2389
4744,8.715,58.175,2390
4745,8.805,58.175,2391
4746,8.895,58.175,2392
4747,8.985,58.175,2393
4748,9.075,58.175,2394
4749,9.165,58.175,2395
4750,9.254999999999999,58.175,2396
4751,9.345,58.175,2397
4752,9.435,58.175,2398
4753,9.525,58.175,2399
4754,9.615,58.175,2400
4755,9.705,58.175,2401
4756,9.795,58.175,2402
4757,9.885,58.175,2403
4758,9.975,58.175,2404
4759,10.065,58.175,2405
4760,10.155,58.175,2406
4761,10.245000000000001,58.175,2407
4762,10.335,58.175,2408
4763,10.425,58.175,2409
4764,10.515,58.175,2410
4765,10.605,58.175,2411
4766,10.695,58.175,2412
4767,10.785,58.175,2413
4768,10.875,58.175,2414
4769,10.965,58.175,2415
4770,11.055,58.175,2416
4771,11.145,58.175,2417
4772,11.235,58.175,2418
4773,11.325,58.175,2419
4774,11.415,58.175,2420
4775,11.504999999999999,58.175,2421
4779,11.865,58.175,2422
4825,8.535,58.265,2423
4826,8.625,58.265,2424
4827,8.715,58.265,2425
4828,8.805,58.265,2426
4829,8.895,58.265,2427
4830,8.985,58.265,2428
4831,9.075,58.265,2429
4832,9.165,58.265,2430
4833,9.254999999999999,58.265,2431
4834,9.345,58.265,2432
4835,9.435,58.265,2433
4836,9.525,58.265,2434
4837,9.615,58.265,2435
4838,9.705,58.265,2436
4839,9.795,58.265,2437
4840,9.885,58.265,2438
4841,9.975,58.265,2439
4842,10.065,58.265,2440
4843,10.155,58.265,2441
4844,10.245000000000001,58.265,2442
4845,10.335,58.265,2443
4846,10.425,58.265,2444
4847,10.515,58.265,2445
4848,10.605,58.265,2446
4849,10.695,58.265,2447
4850,10.785,58.265,2448
4851,10.875,58.265,2449
4852,10.965,58.265,2450
4853,11.055,58.265,2451
4854,11.145,58.265,2452
4855,11.235,58.265,2453
4856,11.325,58.265,2454
4857,11.415,58.265,2455
4858,11.504999999999999,58.265,2456
4859,11.594999999999999,58.265,2457
4910,8.715,58.355,2458
4911,8.805,58.355,2459
4912,8.895,58.355,2460
4913,8.985,58.355,2461
4914,9.075,58.355,2462
4915,9.165,58.355,2463
4916,9.254999999999999,58.355,2464
4917,9.345,58.355,2465
4918,9.435,58.355,2466
4919,9.525,58.355,2467
4920,9.615,58.355,2468
4921,9.705,58.355,2469
4922,9.795,58.355,2470
4923,9.885,58.355,2471
4924,9.975,58.355,2472
4925,10.065,58.355,2473
4926,10.155,58.355,2474
4927,10.245000000000001,58.355,2475
4928,10.335,58.355,2476
4929,10.425,58.355,2477
4930,10.515,58.355,2478
4931,10.605,58.355,2479
4932,10.695,58.355,2480
4933,10.785,58.355,2481
4934,10.875,58.355,2482
4935,10.965,58.355,2483
4936,11.055,58.355,2484
4937,11.145,58.355,2485
4939,11.325,58.355,2486
4940,11.415,58.355,2487
4994,8.805,58.445,2488
4995,8.895,58.445,2489
4996,8.985,58.445,2490
4997,9.075,58.445,2491
4998,9.165,58.445,2492
4999,9.254999999999999,58.445,2493
5000,9.345,58.445,2494
5001,9.435,58.445,2495
5002,9.525,58.445,2496
5003,9.615,58.445,2497
5004,9.705,58.445,2498
5005,9.795,58.445,2499
5006,9.885,58.445,2500
5007,9.975,58.445,2501
5008,10.065,58.445,2502
5009,10.155,58.445,2503
5010,10.245000000000001,58.445,2504
5011,10.335,58.445,2505
5012,10.425,58.445,2506
5013,10.515,58.445,2507
5014,10.605,58.445,2508
5015,10.695,58.445,2509
5016,10.785,58.445,2510
5017,10.875,58.445,2511
5018,10.965,58.445,2512
